-- MySQL dump 10.13  Distrib 8.0.29, for Win64 (x86_64)
--
-- Host: localhost    Database: exercises
-- ------------------------------------------------------
-- Server version	8.0.29

/*!40101 SET @OLD_CHARACTER_SET_CLIENT=@@CHARACTER_SET_CLIENT */;
/*!40101 SET @OLD_CHARACTER_SET_RESULTS=@@CHARACTER_SET_RESULTS */;
/*!40101 SET @OLD_COLLATION_CONNECTION=@@COLLATION_CONNECTION */;
/*!50503 SET NAMES utf8 */;
/*!40103 SET @OLD_TIME_ZONE=@@TIME_ZONE */;
/*!40103 SET TIME_ZONE='+00:00' */;
/*!40014 SET @OLD_UNIQUE_CHECKS=@@UNIQUE_CHECKS, UNIQUE_CHECKS=0 */;
/*!40014 SET @OLD_FOREIGN_KEY_CHECKS=@@FOREIGN_KEY_CHECKS, FOREIGN_KEY_CHECKS=0 */;
/*!40101 SET @OLD_SQL_MODE=@@SQL_MODE, SQL_MODE='NO_AUTO_VALUE_ON_ZERO' */;
/*!40111 SET @OLD_SQL_NOTES=@@SQL_NOTES, SQL_NOTES=0 */;

--
-- Table structure for table `клиент`
--

DROP TABLE IF EXISTS `клиент`;
/*!40101 SET @saved_cs_client     = @@character_set_client */;
/*!50503 SET character_set_client = utf8mb4 */;
CREATE TABLE `клиент` (
  `КодКлиента` varchar(20) NOT NULL,
  `Фамилия` varchar(30) DEFAULT NULL,
  `Имя` varchar(30) DEFAULT NULL,
  `Отчество` varchar(30) DEFAULT NULL,
  PRIMARY KEY (`КодКлиента`)
) ENGINE=InnoDB DEFAULT CHARSET=utf8mb4 COLLATE=utf8mb4_0900_ai_ci;
/*!40101 SET character_set_client = @saved_cs_client */;

--
-- Dumping data for table `клиент`
--

LOCK TABLES `клиент` WRITE;
/*!40000 ALTER TABLE `клиент` DISABLE KEYS */;
INSERT INTO `клиент` VALUES ('1','Первый','Петр','Алексеевич'),('2','Вторая','Екатерина','Алексеевна'),('3','Третий','Александр','Александрович'),('4','Четвертый','Иван','Васильевич'),('5','Пятый','Генрих',''),('6','Шестой','Георг',''),('7','Седьмой','Эдуард',''),('8','Восьмой','Яков',''),('9','Девятый','Карл','');
/*!40000 ALTER TABLE `клиент` ENABLE KEYS */;
UNLOCK TABLES;

--
-- Table structure for table `продажазаголовок`
--

DROP TABLE IF EXISTS `продажазаголовок`;
/*!40101 SET @saved_cs_client     = @@character_set_client */;
/*!50503 SET character_set_client = utf8mb4 */;
CREATE TABLE `продажазаголовок` (
  `НомерДокумента` varchar(20) NOT NULL,
  `ДатаДокумента` datetime DEFAULT NULL,
  `Клиент` varchar(20) DEFAULT NULL,
  PRIMARY KEY (`НомерДокумента`)
) ENGINE=InnoDB DEFAULT CHARSET=utf8mb4 COLLATE=utf8mb4_0900_ai_ci;
/*!40101 SET character_set_client = @saved_cs_client */;

--
-- Dumping data for table `продажазаголовок`
--

LOCK TABLES `продажазаголовок` WRITE;
/*!40000 ALTER TABLE `продажазаголовок` DISABLE KEYS */;
INSERT INTO `продажазаголовок` VALUES ('32809','2020-12-31 23:59:59','2'),('32810','2021-01-01 00:00:00','2'),('32811','2021-01-01 00:00:01','2'),('32812','2021-01-12 12:00:32','1'),('32813','2021-01-31 23:59:59','2'),('32814','2021-02-01 00:00:00','1'),('32815','2021-02-01 00:00:01','3'),('32816','2021-02-12 12:00:32','1'),('32817','2021-02-28 23:59:59','2'),('32818','2021-03-01 00:00:00','3'),('32819','2021-03-01 00:00:01','1'),('32820','2021-03-12 12:00:32','2'),('32821','2021-03-31 23:59:59','3'),('32822','2021-04-01 00:00:00','1'),('32823','2021-04-01 00:00:01','2'),('32824','2021-04-12 12:00:32','3'),('32825','2021-04-30 23:59:59','1'),('32826','2021-05-01 00:00:00','1'),('32827','2021-05-01 00:00:01','3'),('32828','2021-05-15 12:00:00','2'),('32829','2021-05-15 12:00:00','4'),('32830','2021-05-15 12:00:00','5'),('32831','2021-05-15 12:00:00','6'),('32832','2021-05-15 12:00:00','6'),('32833','2021-05-15 12:00:00','7'),('32834','2021-05-15 12:00:00','8'),('32835','2021-05-31 12:00:00','1'),('32836','2021-05-31 23:59:59','3'),('32837','2021-06-01 00:00:00','4'),('32838','2021-06-01 00:00:01','3'),('32839','2021-06-12 12:00:32','1'),('32840','2021-06-30 23:59:59','2'),('32841','2021-07-01 00:00:00','3'),('32842','2021-07-01 00:00:01','1'),('32843','2021-07-12 12:00:32','2'),('32844','2021-07-31 23:59:59','3'),('32845','2021-08-01 00:00:00','1'),('32846','2021-08-01 00:00:01','2'),('32847','2021-08-12 12:00:32','3'),('32848','2021-08-31 23:59:59','1'),('32849','2021-09-01 00:00:00','2'),('32850','2021-09-01 00:00:01','3'),('32851','2021-09-12 12:00:32','1'),('32852','2021-09-30 23:59:59','2'),('32853','2021-10-01 00:00:00','3'),('32854','2021-10-01 00:00:01','1'),('32855','2021-10-12 12:00:32','2'),('32856','2021-10-31 23:59:59','3'),('32857','2021-11-01 00:00:00','1'),('32858','2021-11-01 00:00:01','2'),('32859','2021-11-12 12:00:32','3'),('32860','2021-11-30 23:59:59','1'),('32861','2021-12-01 00:00:00','2'),('32862','2021-12-01 00:00:01','3'),('32863','2021-12-12 12:00:32','1'),('32864','2021-12-31 23:59:59','5'),('32865','2022-01-01 00:00:00','5'),('32866','2022-01-01 00:00:01','5');
/*!40000 ALTER TABLE `продажазаголовок` ENABLE KEYS */;
UNLOCK TABLES;

--
-- Table structure for table `продажастрока`
--

DROP TABLE IF EXISTS `продажастрока`;
/*!40101 SET @saved_cs_client     = @@character_set_client */;
/*!50503 SET character_set_client = utf8mb4 */;
CREATE TABLE `продажастрока` (
  `НомерДокумента` varchar(20) NOT NULL,
  `КодТовара` varchar(45) NOT NULL,
  `Кол-во` int DEFAULT NULL,
  `Цена` decimal(18,2) DEFAULT NULL,
  PRIMARY KEY (`НомерДокумента`,`КодТовара`)
) ENGINE=InnoDB DEFAULT CHARSET=utf8mb4 COLLATE=utf8mb4_0900_ai_ci;
/*!40101 SET character_set_client = @saved_cs_client */;

--
-- Dumping data for table `продажастрока`
--

LOCK TABLES `продажастрока` WRITE;
/*!40000 ALTER TABLE `продажастрока` DISABLE KEYS */;
INSERT INTO `продажастрока` VALUES ('32809','333333',1,140000.00),('32810','55555555',2,140000.00),('32811','444',1,1200.00),('32812','111',1,0.01),('32813','111',1,0.01),('32814','111',1,0.01),('32815','111',1,0.01),('32816','111',1,0.01),('32817','111',1,0.01),('32818','111',1,0.01),('32819','111',1,0.01),('32820','111',1,0.01),('32821','111',1,0.01),('32822','111',1,0.01),('32823','111',1,0.01),('32824','111',1,0.01),('32825','15912',1,140000.00),('32826','15912',1,140000.00),('32827','15912',1,140000.00),('32828','15912',2,140000.00),('32829','16912',1,299999.99),('32830','17912',1,300000.00),('32831','16912',1,299999.99),('32832','15912',1,140000.00),('32833','20000',1,1000000.00),('32834','15912',3,140000.00),('32835','15912',1,140000.00),('32836','15912',1,140000.00),('32837','15912',1,140000.00),('32838','15912',1,140000.00),('32839','111',1,0.01),('32840','111',1,0.01),('32841','111',1,0.01),('32842','111',1,0.01),('32843','111',1,0.01),('32844','111',1,0.01),('32845','111',1,0.01),('32846','111',1,0.01),('32847','111',1,0.01),('32848','111',1,0.01),('32849','111',1,0.01),('32850','111',1,0.01),('32851','111',1,0.01),('32852','111',1,0.01),('32853','111',1,0.01),('32854','111',1,0.01),('32855','111',1,0.01),('32856','111',1,0.01),('32857','111',1,0.01),('32858','111',1,0.01),('32859','111',1,0.01),('32860','111',1,0.01),('32861','111',1,0.01),('32862','111',1,0.01),('32863','111',1,0.01),('32864','2222',1,5000000.00),('32865','2222',1,5000000.00),('32866','2222',1,5000000.00);
/*!40000 ALTER TABLE `продажастрока` ENABLE KEYS */;
UNLOCK TABLES;

--
-- Table structure for table `товар`
--

DROP TABLE IF EXISTS `товар`;
/*!40101 SET @saved_cs_client     = @@character_set_client */;
/*!50503 SET character_set_client = utf8mb4 */;
CREATE TABLE `товар` (
  `КодТовара` varchar(20) NOT NULL,
  `Название` varchar(50) DEFAULT NULL,
  `КатегорияТовара` char(20) DEFAULT NULL,
  PRIMARY KEY (`КодТовара`)
) ENGINE=InnoDB DEFAULT CHARSET=utf8mb4 COLLATE=utf8mb4_0900_ai_ci;
/*!40101 SET character_set_client = @saved_cs_client */;

--
-- Dumping data for table `товар`
--

LOCK TABLES `товар` WRITE;
/*!40000 ALTER TABLE `товар` DISABLE KEYS */;
INSERT INTO `товар` VALUES ('111','Скрепка','Канцелярские товары'),('15912','GPS трекер','Системы контроля'),('16912','GPS трекер plus','Системы контроля'),('17912','Навигационная система','Системы контроля'),('20000','Телематическая система','Системы контроля'),('2222','Toyota Camry','Автомобили'),('333333','Шампанское','Алкоголь'),('444','Миксер','Бытовая техника'),('55555555','Карандаш','Канцелярские товары'),('65357','Батарейка','Аксессуары');
/*!40000 ALTER TABLE `товар` ENABLE KEYS */;
UNLOCK TABLES;
/*!40103 SET TIME_ZONE=@OLD_TIME_ZONE */;

/*!40101 SET SQL_MODE=@OLD_SQL_MODE */;
/*!40014 SET FOREIGN_KEY_CHECKS=@OLD_FOREIGN_KEY_CHECKS */;
/*!40014 SET UNIQUE_CHECKS=@OLD_UNIQUE_CHECKS */;
/*!40101 SET CHARACTER_SET_CLIENT=@OLD_CHARACTER_SET_CLIENT */;
/*!40101 SET CHARACTER_SET_RESULTS=@OLD_CHARACTER_SET_RESULTS */;
/*!40101 SET COLLATION_CONNECTION=@OLD_COLLATION_CONNECTION */;
/*!40111 SET SQL_NOTES=@OLD_SQL_NOTES */;

-- Dump completed on 2022-07-04 17:31:03
